[{"model": "contenttypes.contenttype", "pk": 1, "fields": {"app_label": "admin", "model": "logentry"}}, {"model": "contenttypes.contenttype", "pk": 2, "fields": {"app_label": "auth", "model": "permission"}}, {"model": "contenttypes.contenttype", "pk": 3, "fields": {"app_label": "auth", "model": "group"}}, {"model": "contenttypes.contenttype", "pk": 4, "fields": {"app_label": "auth", "model": "user"}}, {"model": "contenttypes.contenttype", "pk": 5, "fields": {"app_label": "contenttypes", "model": "contenttype"}}, {"model": "contenttypes.contenttype", "pk": 6, "fields": {"app_label": "sessions", "model": "session"}}, {"model": "contenttypes.contenttype", "pk": 7, "fields": {"app_label": "sites", "model": "site"}}, {"model": "contenttypes.contenttype", "pk": 8, "fields": {"app_label": "account", "model": "emailaddress"}}, {"model": "contenttypes.contenttype", "pk": 9, "fields": {"app_label": "account", "model": "emailconfirmation"}}, {"model": "contenttypes.contenttype", "pk": 10, "fields": {"app_label": "socialaccount", "model": "socialaccount"}}, {"model": "contenttypes.contenttype", "pk": 11, "fields": {"app_label": "socialaccount", "model": "socialapp"}}, {"model": "contenttypes.contenttype", "pk": 12, "fields": {"app_label": "socialaccount", "model": "socialtoken"}}, {"model": "contenttypes.contenttype", "pk": 13, "fields": {"app_label": "authtoken", "model": "token"}}, {"model": "contenttypes.contenttype", "pk": 14, "fields": {"app_label": "core", "model": "item"}}, {"model": "contenttypes.contenttype", "pk": 15, "fields": {"app_label": "core", "model": "variation"}}, {"model": "contenttypes.contenttype", "pk": 16, "fields": {"app_label": "core", "model": "userprofile"}}, {"model": "contenttypes.contenttype", "pk": 17, "fields": {"app_label": "core", "model": "orderitem"}}, {"model": "contenttypes.contenttype", "pk": 18, "fields": {"app_label": "core", "model": "order"}}, {"model": "contenttypes.contenttype", "pk": 19, "fields": {"app_label": "core", "model": "itemvariation"}}, {"model": "contenttypes.contenttype", "pk": 20, "fields": {"app_label": "orders", "model": "coupon"}}, {"model": "contenttypes.contenttype", "pk": 21, "fields": {"app_label": "orders", "model": "refund"}}, {"model": "contenttypes.contenttype", "pk": 22, "fields": {"app_label": "orders", "model": "payment"}}, {"model": "contenttypes.contenttype", "pk": 23, "fields": {"app_label": "orders", "model": "address"}}, {"model": "sessions.session", "pk": "2u2fqrjh8ll7wo2o502sf9syit1rc9j8", "fields": {"session_data": "YTYwOWYwNDVlOGNhOWZlZGM5YjVjNDNhM2U3NzNlN2RmMzI2MmZmOTp7Il9hdXRoX3VzZXJfaWQiOiIxIiwiX2F1dGhfdXNlcl9iYWNrZW5kIjoiZGphbmdvLmNvbnRyaWIuYXV0aC5iYWNrZW5kcy5Nb2RlbEJhY2tlbmQiLCJfYXV0aF91c2VyX2hhc2giOiJmYjdhNDFkN2Y2ZWFlYTdjM2VkYzljMGM2YTBkNTcwM2M3NTgyZjNmIn0=", "expire_date": "2020-08-05T05:36:37.131Z"}}, {"model": "sessions.session", "pk": "3sp5dnbemlwnj21ckzpeulf0fmgxvqkq", "fields": {"session_data": "YTYwOWYwNDVlOGNhOWZlZGM5YjVjNDNhM2U3NzNlN2RmMzI2MmZmOTp7Il9hdXRoX3VzZXJfaWQiOiIxIiwiX2F1dGhfdXNlcl9iYWNrZW5kIjoiZGphbmdvLmNvbnRyaWIuYXV0aC5iYWNrZW5kcy5Nb2RlbEJhY2tlbmQiLCJfYXV0aF91c2VyX2hhc2giOiJmYjdhNDFkN2Y2ZWFlYTdjM2VkYzljMGM2YTBkNTcwM2M3NTgyZjNmIn0=", "expire_date": "2020-08-03T05:13:00.912Z"}}, {"model": "sessions.session", "pk": "5cv6dj086hsjf4rdo08odgh9889t89ts", "fields": {"session_data": "YTYwOWYwNDVlOGNhOWZlZGM5YjVjNDNhM2U3NzNlN2RmMzI2MmZmOTp7Il9hdXRoX3VzZXJfaWQiOiIxIiwiX2F1dGhfdXNlcl9iYWNrZW5kIjoiZGphbmdvLmNvbnRyaWIuYXV0aC5iYWNrZW5kcy5Nb2RlbEJhY2tlbmQiLCJfYXV0aF91c2VyX2hhc2giOiJmYjdhNDFkN2Y2ZWFlYTdjM2VkYzljMGM2YTBkNTcwM2M3NTgyZjNmIn0=", "expire_date": "2020-08-07T13:46:51.947Z"}}, {"model": "sessions.session", "pk": "63rlnqcqf0bgc7z6y52h4i7kid9hea8m", "fields": {"session_data": "YTYwOWYwNDVlOGNhOWZlZGM5YjVjNDNhM2U3NzNlN2RmMzI2MmZmOTp7Il9hdXRoX3VzZXJfaWQiOiIxIiwiX2F1dGhfdXNlcl9iYWNrZW5kIjoiZGphbmdvLmNvbnRyaWIuYXV0aC5iYWNrZW5kcy5Nb2RlbEJhY2tlbmQiLCJfYXV0aF91c2VyX2hhc2giOiJmYjdhNDFkN2Y2ZWFlYTdjM2VkYzljMGM2YTBkNTcwM2M3NTgyZjNmIn0=", "expire_date": "2020-08-03T09:40:38.107Z"}}, {"model": "sessions.session", "pk": "64g39cwpe6kt91glkdqa0ccg6w7rszwq", "fields": {"session_data": "YTYwOWYwNDVlOGNhOWZlZGM5YjVjNDNhM2U3NzNlN2RmMzI2MmZmOTp7Il9hdXRoX3VzZXJfaWQiOiIxIiwiX2F1dGhfdXNlcl9iYWNrZW5kIjoiZGphbmdvLmNvbnRyaWIuYXV0aC5iYWNrZW5kcy5Nb2RlbEJhY2tlbmQiLCJfYXV0aF91c2VyX2hhc2giOiJmYjdhNDFkN2Y2ZWFlYTdjM2VkYzljMGM2YTBkNTcwM2M3NTgyZjNmIn0=", "expire_date": "2020-07-31T08:09:28.985Z"}}, {"model": "sessions.session", "pk": "6bokiztqai1ahl5qmjil89z7rzi9wyf6", "fields": {"session_data": "YTYwOWYwNDVlOGNhOWZlZGM5YjVjNDNhM2U3NzNlN2RmMzI2MmZmOTp7Il9hdXRoX3VzZXJfaWQiOiIxIiwiX2F1dGhfdXNlcl9iYWNrZW5kIjoiZGphbmdvLmNvbnRyaWIuYXV0aC5iYWNrZW5kcy5Nb2RlbEJhY2tlbmQiLCJfYXV0aF91c2VyX2hhc2giOiJmYjdhNDFkN2Y2ZWFlYTdjM2VkYzljMGM2YTBkNTcwM2M3NTgyZjNmIn0=", "expire_date": "2020-08-01T05:30:47.037Z"}}, {"model": "sessions.session", "pk": "6f063ugms44mexrqvjxxif9aah7gz7j9", "fields": {"session_data": "YTYwOWYwNDVlOGNhOWZlZGM5YjVjNDNhM2U3NzNlN2RmMzI2MmZmOTp7Il9hdXRoX3VzZXJfaWQiOiIxIiwiX2F1dGhfdXNlcl9iYWNrZW5kIjoiZGphbmdvLmNvbnRyaWIuYXV0aC5iYWNrZW5kcy5Nb2RlbEJhY2tlbmQiLCJfYXV0aF91c2VyX2hhc2giOiJmYjdhNDFkN2Y2ZWFlYTdjM2VkYzljMGM2YTBkNTcwM2M3NTgyZjNmIn0=", "expire_date": "2020-07-31T17:10:06.400Z"}}, {"model": "sessions.session", "pk": "6um72b7y2ifx623436gy8tr14fnixaai", "fields": {"session_data": "YTYwOWYwNDVlOGNhOWZlZGM5YjVjNDNhM2U3NzNlN2RmMzI2MmZmOTp7Il9hdXRoX3VzZXJfaWQiOiIxIiwiX2F1dGhfdXNlcl9iYWNrZW5kIjoiZGphbmdvLmNvbnRyaWIuYXV0aC5iYWNrZW5kcy5Nb2RlbEJhY2tlbmQiLCJfYXV0aF91c2VyX2hhc2giOiJmYjdhNDFkN2Y2ZWFlYTdjM2VkYzljMGM2YTBkNTcwM2M3NTgyZjNmIn0=", "expire_date": "2020-08-04T03:52:04.524Z"}}, {"model": "sessions.session", "pk": "722rhsdq4a9z5guy0foavkvjd5ans8a6", "fields": {"session_data": "YTYwOWYwNDVlOGNhOWZlZGM5YjVjNDNhM2U3NzNlN2RmMzI2MmZmOTp7Il9hdXRoX3VzZXJfaWQiOiIxIiwiX2F1dGhfdXNlcl9iYWNrZW5kIjoiZGphbmdvLmNvbnRyaWIuYXV0aC5iYWNrZW5kcy5Nb2RlbEJhY2tlbmQiLCJfYXV0aF91c2VyX2hhc2giOiJmYjdhNDFkN2Y2ZWFlYTdjM2VkYzljMGM2YTBkNTcwM2M3NTgyZjNmIn0=", "expire_date": "2020-08-03T12:49:55.852Z"}}, {"model": "sessions.session", "pk": "7lc5bwqtox4c3ijkqiej3tlmyfdnjtdx", "fields": {"session_data": "YTYwOWYwNDVlOGNhOWZlZGM5YjVjNDNhM2U3NzNlN2RmMzI2MmZmOTp7Il9hdXRoX3VzZXJfaWQiOiIxIiwiX2F1dGhfdXNlcl9iYWNrZW5kIjoiZGphbmdvLmNvbnRyaWIuYXV0aC5iYWNrZW5kcy5Nb2RlbEJhY2tlbmQiLCJfYXV0aF91c2VyX2hhc2giOiJmYjdhNDFkN2Y2ZWFlYTdjM2VkYzljMGM2YTBkNTcwM2M3NTgyZjNmIn0=", "expire_date": "2020-08-01T04:01:48.510Z"}}, {"model": "sessions.session", "pk": "7upmz2eckjycd9cn4zkkppwqlxy5jmyj", "fields": {"session_data": "MmQ2ZDJjMjhlNGMzZGYxNzM4NGYzMzFlYzZhNWI3M2ZjYWJiNWNkMzp7Il9hdXRoX3VzZXJfaWQiOiIyIiwiX2F1dGhfdXNlcl9iYWNrZW5kIjoiZGphbmdvLmNvbnRyaWIuYXV0aC5iYWNrZW5kcy5Nb2RlbEJhY2tlbmQiLCJfYXV0aF91c2VyX2hhc2giOiJmMjk3ZTA1ZTI2MzhjYzcyM2IxNzQ5MDZjM2IwZGJlM2RlMzIxOTk4In0=", "expire_date": "2020-08-02T17:25:09.655Z"}}, {"model": "sessions.session", "pk": "8lv6ngkbztlct51u19f5j5c82p2fb0qn", "fields": {"session_data": "YTYwOWYwNDVlOGNhOWZlZGM5YjVjNDNhM2U3NzNlN2RmMzI2MmZmOTp7Il9hdXRoX3VzZXJfaWQiOiIxIiwiX2F1dGhfdXNlcl9iYWNrZW5kIjoiZGphbmdvLmNvbnRyaWIuYXV0aC5iYWNrZW5kcy5Nb2RlbEJhY2tlbmQiLCJfYXV0aF91c2VyX2hhc2giOiJmYjdhNDFkN2Y2ZWFlYTdjM2VkYzljMGM2YTBkNTcwM2M3NTgyZjNmIn0=", "expire_date": "2020-07-30T12:55:17.265Z"}}, {"model": "sessions.session", "pk": "91q2dkvu81tzqhk9tktlpkkuyxsbq0ma", "fields": {"session_data": "YTYwOWYwNDVlOGNhOWZlZGM5YjVjNDNhM2U3NzNlN2RmMzI2MmZmOTp7Il9hdXRoX3VzZXJfaWQiOiIxIiwiX2F1dGhfdXNlcl9iYWNrZW5kIjoiZGphbmdvLmNvbnRyaWIuYXV0aC5iYWNrZW5kcy5Nb2RlbEJhY2tlbmQiLCJfYXV0aF91c2VyX2hhc2giOiJmYjdhNDFkN2Y2ZWFlYTdjM2VkYzljMGM2YTBkNTcwM2M3NTgyZjNmIn0=", "expire_date": "2020-08-01T02:59:22.395Z"}}, {"model": "sessions.session", "pk": "a2ddibqlicihly8f2bfsywhmzjak2h9s", "fields": {"session_data": "YTYwOWYwNDVlOGNhOWZlZGM5YjVjNDNhM2U3NzNlN2RmMzI2MmZmOTp7Il9hdXRoX3VzZXJfaWQiOiIxIiwiX2F1dGhfdXNlcl9iYWNrZW5kIjoiZGphbmdvLmNvbnRyaWIuYXV0aC5iYWNrZW5kcy5Nb2RlbEJhY2tlbmQiLCJfYXV0aF91c2VyX2hhc2giOiJmYjdhNDFkN2Y2ZWFlYTdjM2VkYzljMGM2YTBkNTcwM2M3NTgyZjNmIn0=", "expire_date": "2020-07-31T09:45:37.186Z"}}, {"model": "sessions.session", "pk": "a4lqnauwbsiid15l6epdkdpp5lp6vt2o", "fields": {"session_data": "YTYwOWYwNDVlOGNhOWZlZGM5YjVjNDNhM2U3NzNlN2RmMzI2MmZmOTp7Il9hdXRoX3VzZXJfaWQiOiIxIiwiX2F1dGhfdXNlcl9iYWNrZW5kIjoiZGphbmdvLmNvbnRyaWIuYXV0aC5iYWNrZW5kcy5Nb2RlbEJhY2tlbmQiLCJfYXV0aF91c2VyX2hhc2giOiJmYjdhNDFkN2Y2ZWFlYTdjM2VkYzljMGM2YTBkNTcwM2M3NTgyZjNmIn0=", "expire_date": "2020-08-03T06:16:13.964Z"}}, {"model": "sessions.session", "pk": "a9sz56hnvfnr2nxujqr7kgo7syyiszwj", "fields": {"session_data": "YTYwOWYwNDVlOGNhOWZlZGM5YjVjNDNhM2U3NzNlN2RmMzI2MmZmOTp7Il9hdXRoX3VzZXJfaWQiOiIxIiwiX2F1dGhfdXNlcl9iYWNrZW5kIjoiZGphbmdvLmNvbnRyaWIuYXV0aC5iYWNrZW5kcy5Nb2RlbEJhY2tlbmQiLCJfYXV0aF91c2VyX2hhc2giOiJmYjdhNDFkN2Y2ZWFlYTdjM2VkYzljMGM2YTBkNTcwM2M3NTgyZjNmIn0=", "expire_date": "2020-07-31T06:55:28.394Z"}}, {"model": "sessions.session", "pk": "auqm9v7ytdnuzncggalj5r1yfoo1076i", "fields": {"session_data": "YTYwOWYwNDVlOGNhOWZlZGM5YjVjNDNhM2U3NzNlN2RmMzI2MmZmOTp7Il9hdXRoX3VzZXJfaWQiOiIxIiwiX2F1dGhfdXNlcl9iYWNrZW5kIjoiZGphbmdvLmNvbnRyaWIuYXV0aC5iYWNrZW5kcy5Nb2RlbEJhY2tlbmQiLCJfYXV0aF91c2VyX2hhc2giOiJmYjdhNDFkN2Y2ZWFlYTdjM2VkYzljMGM2YTBkNTcwM2M3NTgyZjNmIn0=", "expire_date": "2020-07-29T16:27:13.230Z"}}, {"model": "sessions.session", "pk": "bari2k9kkyfe8r8h6nnat0kmcm1grvi8", "fields": {"session_data": "YTYwOWYwNDVlOGNhOWZlZGM5YjVjNDNhM2U3NzNlN2RmMzI2MmZmOTp7Il9hdXRoX3VzZXJfaWQiOiIxIiwiX2F1dGhfdXNlcl9iYWNrZW5kIjoiZGphbmdvLmNvbnRyaWIuYXV0aC5iYWNrZW5kcy5Nb2RlbEJhY2tlbmQiLCJfYXV0aF91c2VyX2hhc2giOiJmYjdhNDFkN2Y2ZWFlYTdjM2VkYzljMGM2YTBkNTcwM2M3NTgyZjNmIn0=", "expire_date": "2020-08-04T16:52:29.955Z"}}, {"model": "sessions.session", "pk": "br7b5hrlek52qwdrq9rvqibyrvvuvjwk", "fields": {"session_data": "YTYwOWYwNDVlOGNhOWZlZGM5YjVjNDNhM2U3NzNlN2RmMzI2MmZmOTp7Il9hdXRoX3VzZXJfaWQiOiIxIiwiX2F1dGhfdXNlcl9iYWNrZW5kIjoiZGphbmdvLmNvbnRyaWIuYXV0aC5iYWNrZW5kcy5Nb2RlbEJhY2tlbmQiLCJfYXV0aF91c2VyX2hhc2giOiJmYjdhNDFkN2Y2ZWFlYTdjM2VkYzljMGM2YTBkNTcwM2M3NTgyZjNmIn0=", "expire_date": "2020-07-30T05:41:19.456Z"}}, {"model": "sessions.session", "pk": "e2bichw2mtd8urn4wwfszlkcxvxmwc0z", "fields": {"session_data": "YTYwOWYwNDVlOGNhOWZlZGM5YjVjNDNhM2U3NzNlN2RmMzI2MmZmOTp7Il9hdXRoX3VzZXJfaWQiOiIxIiwiX2F1dGhfdXNlcl9iYWNrZW5kIjoiZGphbmdvLmNvbnRyaWIuYXV0aC5iYWNrZW5kcy5Nb2RlbEJhY2tlbmQiLCJfYXV0aF91c2VyX2hhc2giOiJmYjdhNDFkN2Y2ZWFlYTdjM2VkYzljMGM2YTBkNTcwM2M3NTgyZjNmIn0=", "expire_date": "2020-08-04T14:42:53.405Z"}}, {"model": "sessions.session", "pk": "e79z3j981vyi1vgjp4sgcgednfihw01v", "fields": {"session_data": "YTYwOWYwNDVlOGNhOWZlZGM5YjVjNDNhM2U3NzNlN2RmMzI2MmZmOTp7Il9hdXRoX3VzZXJfaWQiOiIxIiwiX2F1dGhfdXNlcl9iYWNrZW5kIjoiZGphbmdvLmNvbnRyaWIuYXV0aC5iYWNrZW5kcy5Nb2RlbEJhY2tlbmQiLCJfYXV0aF91c2VyX2hhc2giOiJmYjdhNDFkN2Y2ZWFlYTdjM2VkYzljMGM2YTBkNTcwM2M3NTgyZjNmIn0=", "expire_date": "2020-08-04T15:42:55.239Z"}}, {"model": "sessions.session", "pk": "egowcp0q2fd97b1gl33qfz3y9zhfrzmg", "fields": {"session_data": "YTYwOWYwNDVlOGNhOWZlZGM5YjVjNDNhM2U3NzNlN2RmMzI2MmZmOTp7Il9hdXRoX3VzZXJfaWQiOiIxIiwiX2F1dGhfdXNlcl9iYWNrZW5kIjoiZGphbmdvLmNvbnRyaWIuYXV0aC5iYWNrZW5kcy5Nb2RlbEJhY2tlbmQiLCJfYXV0aF91c2VyX2hhc2giOiJmYjdhNDFkN2Y2ZWFlYTdjM2VkYzljMGM2YTBkNTcwM2M3NTgyZjNmIn0=", "expire_date": "2020-08-05T09:02:33.853Z"}}, {"model": "sessions.session", "pk": "fp60xdh4nvdyu1uzvb406tnxvmdy0w2l", "fields": {"session_data": "YTYwOWYwNDVlOGNhOWZlZGM5YjVjNDNhM2U3NzNlN2RmMzI2MmZmOTp7Il9hdXRoX3VzZXJfaWQiOiIxIiwiX2F1dGhfdXNlcl9iYWNrZW5kIjoiZGphbmdvLmNvbnRyaWIuYXV0aC5iYWNrZW5kcy5Nb2RlbEJhY2tlbmQiLCJfYXV0aF91c2VyX2hhc2giOiJmYjdhNDFkN2Y2ZWFlYTdjM2VkYzljMGM2YTBkNTcwM2M3NTgyZjNmIn0=", "expire_date": "2020-08-05T04:36:25.101Z"}}, {"model": "sessions.session", "pk": "g9v608b10xlxf46okw94zrz67vdkuw9q", "fields": {"session_data": "YTYwOWYwNDVlOGNhOWZlZGM5YjVjNDNhM2U3NzNlN2RmMzI2MmZmOTp7Il9hdXRoX3VzZXJfaWQiOiIxIiwiX2F1dGhfdXNlcl9iYWNrZW5kIjoiZGphbmdvLmNvbnRyaWIuYXV0aC5iYWNrZW5kcy5Nb2RlbEJhY2tlbmQiLCJfYXV0aF91c2VyX2hhc2giOiJmYjdhNDFkN2Y2ZWFlYTdjM2VkYzljMGM2YTBkNTcwM2M3NTgyZjNmIn0=", "expire_date": "2020-07-29T17:03:38.472Z"}}, {"model": "sessions.session", "pk": "gffmic1fs5wa3zlgdfdcuq1f4189mwwo", "fields": {"session_data": "YTYwOWYwNDVlOGNhOWZlZGM5YjVjNDNhM2U3NzNlN2RmMzI2MmZmOTp7Il9hdXRoX3VzZXJfaWQiOiIxIiwiX2F1dGhfdXNlcl9iYWNrZW5kIjoiZGphbmdvLmNvbnRyaWIuYXV0aC5iYWNrZW5kcy5Nb2RlbEJhY2tlbmQiLCJfYXV0aF91c2VyX2hhc2giOiJmYjdhNDFkN2Y2ZWFlYTdjM2VkYzljMGM2YTBkNTcwM2M3NTgyZjNmIn0=", "expire_date": "2020-08-04T04:59:47.768Z"}}, {"model": "sessions.session", "pk": "h86txs6dymvlyfqlfcvwppbgj4mnls2q", "fields": {"session_data": "YTYwOWYwNDVlOGNhOWZlZGM5YjVjNDNhM2U3NzNlN2RmMzI2MmZmOTp7Il9hdXRoX3VzZXJfaWQiOiIxIiwiX2F1dGhfdXNlcl9iYWNrZW5kIjoiZGphbmdvLmNvbnRyaWIuYXV0aC5iYWNrZW5kcy5Nb2RlbEJhY2tlbmQiLCJfYXV0aF91c2VyX2hhc2giOiJmYjdhNDFkN2Y2ZWFlYTdjM2VkYzljMGM2YTBkNTcwM2M3NTgyZjNmIn0=", "expire_date": "2020-08-03T15:18:32.922Z"}}, {"model": "sessions.session", "pk": "h8y0gf4s8h6qtmvv9pyfsqk5aygvlhtt", "fields": {"session_data": "YTYwOWYwNDVlOGNhOWZlZGM5YjVjNDNhM2U3NzNlN2RmMzI2MmZmOTp7Il9hdXRoX3VzZXJfaWQiOiIxIiwiX2F1dGhfdXNlcl9iYWNrZW5kIjoiZGphbmdvLmNvbnRyaWIuYXV0aC5iYWNrZW5kcy5Nb2RlbEJhY2tlbmQiLCJfYXV0aF91c2VyX2hhc2giOiJmYjdhNDFkN2Y2ZWFlYTdjM2VkYzljMGM2YTBkNTcwM2M3NTgyZjNmIn0=", "expire_date": "2020-08-03T18:11:45.266Z"}}, {"model": "sessions.session", "pk": "j7ycbpd61uz34bzi1appkktokw8c3n6s", "fields": {"session_data": "YTYwOWYwNDVlOGNhOWZlZGM5YjVjNDNhM2U3NzNlN2RmMzI2MmZmOTp7Il9hdXRoX3VzZXJfaWQiOiIxIiwiX2F1dGhfdXNlcl9iYWNrZW5kIjoiZGphbmdvLmNvbnRyaWIuYXV0aC5iYWNrZW5kcy5Nb2RlbEJhY2tlbmQiLCJfYXV0aF91c2VyX2hhc2giOiJmYjdhNDFkN2Y2ZWFlYTdjM2VkYzljMGM2YTBkNTcwM2M3NTgyZjNmIn0=", "expire_date": "2020-08-03T17:55:53.536Z"}}, {"model": "sessions.session", "pk": "l5tiuioa1ctw1fnqkmmx74pmamzafyfj", "fields": {"session_data": "YTYwOWYwNDVlOGNhOWZlZGM5YjVjNDNhM2U3NzNlN2RmMzI2MmZmOTp7Il9hdXRoX3VzZXJfaWQiOiIxIiwiX2F1dGhfdXNlcl9iYWNrZW5kIjoiZGphbmdvLmNvbnRyaWIuYXV0aC5iYWNrZW5kcy5Nb2RlbEJhY2tlbmQiLCJfYXV0aF91c2VyX2hhc2giOiJmYjdhNDFkN2Y2ZWFlYTdjM2VkYzljMGM2YTBkNTcwM2M3NTgyZjNmIn0=", "expire_date": "2020-07-30T15:17:14.914Z"}}, {"model": "sessions.session", "pk": "lx2hj73y5kjzmt0qqhk21uz49a5wl6jo", "fields": {"session_data": "YTYwOWYwNDVlOGNhOWZlZGM5YjVjNDNhM2U3NzNlN2RmMzI2MmZmOTp7Il9hdXRoX3VzZXJfaWQiOiIxIiwiX2F1dGhfdXNlcl9iYWNrZW5kIjoiZGphbmdvLmNvbnRyaWIuYXV0aC5iYWNrZW5kcy5Nb2RlbEJhY2tlbmQiLCJfYXV0aF91c2VyX2hhc2giOiJmYjdhNDFkN2Y2ZWFlYTdjM2VkYzljMGM2YTBkNTcwM2M3NTgyZjNmIn0=", "expire_date": "2020-07-31T13:38:18.956Z"}}, {"model": "sessions.session", "pk": "n6enrtf3t2dj6t063jo4kvwur06ni3g7", "fields": {"session_data": "MmQ2ZDJjMjhlNGMzZGYxNzM4NGYzMzFlYzZhNWI3M2ZjYWJiNWNkMzp7Il9hdXRoX3VzZXJfaWQiOiIyIiwiX2F1dGhfdXNlcl9iYWNrZW5kIjoiZGphbmdvLmNvbnRyaWIuYXV0aC5iYWNrZW5kcy5Nb2RlbEJhY2tlbmQiLCJfYXV0aF91c2VyX2hhc2giOiJmMjk3ZTA1ZTI2MzhjYzcyM2IxNzQ5MDZjM2IwZGJlM2RlMzIxOTk4In0=", "expire_date": "2020-08-02T17:21:00.520Z"}}, {"model": "sessions.session", "pk": "nyml9fniyynn52o3g4f0gxr8l9oxkpic", "fields": {"session_data": "YTYwOWYwNDVlOGNhOWZlZGM5YjVjNDNhM2U3NzNlN2RmMzI2MmZmOTp7Il9hdXRoX3VzZXJfaWQiOiIxIiwiX2F1dGhfdXNlcl9iYWNrZW5kIjoiZGphbmdvLmNvbnRyaWIuYXV0aC5iYWNrZW5kcy5Nb2RlbEJhY2tlbmQiLCJfYXV0aF91c2VyX2hhc2giOiJmYjdhNDFkN2Y2ZWFlYTdjM2VkYzljMGM2YTBkNTcwM2M3NTgyZjNmIn0=", "expire_date": "2020-08-03T14:16:57.592Z"}}, {"model": "sessions.session", "pk": "ogdjr8n54m6lwqn0mtzf644s0dgew560", "fields": {"session_data": "YTYwOWYwNDVlOGNhOWZlZGM5YjVjNDNhM2U3NzNlN2RmMzI2MmZmOTp7Il9hdXRoX3VzZXJfaWQiOiIxIiwiX2F1dGhfdXNlcl9iYWNrZW5kIjoiZGphbmdvLmNvbnRyaWIuYXV0aC5iYWNrZW5kcy5Nb2RlbEJhY2tlbmQiLCJfYXV0aF91c2VyX2hhc2giOiJmYjdhNDFkN2Y2ZWFlYTdjM2VkYzljMGM2YTBkNTcwM2M3NTgyZjNmIn0=", "expire_date": "2020-07-31T14:41:30.389Z"}}, {"model": "sessions.session", "pk": "onc3oxbom2gr62bc64wubfunnvwyxnkr", "fields": {"session_data": "YTYwOWYwNDVlOGNhOWZlZGM5YjVjNDNhM2U3NzNlN2RmMzI2MmZmOTp7Il9hdXRoX3VzZXJfaWQiOiIxIiwiX2F1dGhfdXNlcl9iYWNrZW5kIjoiZGphbmdvLmNvbnRyaWIuYXV0aC5iYWNrZW5kcy5Nb2RlbEJhY2tlbmQiLCJfYXV0aF91c2VyX2hhc2giOiJmYjdhNDFkN2Y2ZWFlYTdjM2VkYzljMGM2YTBkNTcwM2M3NTgyZjNmIn0=", "expire_date": "2020-08-05T03:36:43.033Z"}}, {"model": "sessions.session", "pk": "q4e8yst3d4ebkzb9f3uklakbs9rhan2v", "fields": {"session_data": "YTYwOWYwNDVlOGNhOWZlZGM5YjVjNDNhM2U3NzNlN2RmMzI2MmZmOTp7Il9hdXRoX3VzZXJfaWQiOiIxIiwiX2F1dGhfdXNlcl9iYWNrZW5kIjoiZGphbmdvLmNvbnRyaWIuYXV0aC5iYWNrZW5kcy5Nb2RlbEJhY2tlbmQiLCJfYXV0aF91c2VyX2hhc2giOiJmYjdhNDFkN2Y2ZWFlYTdjM2VkYzljMGM2YTBkNTcwM2M3NTgyZjNmIn0=", "expire_date": "2020-08-03T05:30:22.018Z"}}, {"model": "sessions.session", "pk": "soytvk69078jzxa5hjcj5x14g90nm7ez", "fields": {"session_data": "YTYwOWYwNDVlOGNhOWZlZGM5YjVjNDNhM2U3NzNlN2RmMzI2MmZmOTp7Il9hdXRoX3VzZXJfaWQiOiIxIiwiX2F1dGhfdXNlcl9iYWNrZW5kIjoiZGphbmdvLmNvbnRyaWIuYXV0aC5iYWNrZW5kcy5Nb2RlbEJhY2tlbmQiLCJfYXV0aF91c2VyX2hhc2giOiJmYjdhNDFkN2Y2ZWFlYTdjM2VkYzljMGM2YTBkNTcwM2M3NTgyZjNmIn0=", "expire_date": "2020-07-31T15:43:29.731Z"}}, {"model": "sessions.session", "pk": "spd0x096vlyexk1ub73wa0hqo5z2lc6w", "fields": {"session_data": "YTYwOWYwNDVlOGNhOWZlZGM5YjVjNDNhM2U3NzNlN2RmMzI2MmZmOTp7Il9hdXRoX3VzZXJfaWQiOiIxIiwiX2F1dGhfdXNlcl9iYWNrZW5kIjoiZGphbmdvLmNvbnRyaWIuYXV0aC5iYWNrZW5kcy5Nb2RlbEJhY2tlbmQiLCJfYXV0aF91c2VyX2hhc2giOiJmYjdhNDFkN2Y2ZWFlYTdjM2VkYzljMGM2YTBkNTcwM2M3NTgyZjNmIn0=", "expire_date": "2020-08-07T15:21:24.002Z"}}, {"model": "sessions.session", "pk": "tm5u57dy3cccmelxin258q851ackfa88", "fields": {"session_data": "YTYwOWYwNDVlOGNhOWZlZGM5YjVjNDNhM2U3NzNlN2RmMzI2MmZmOTp7Il9hdXRoX3VzZXJfaWQiOiIxIiwiX2F1dGhfdXNlcl9iYWNrZW5kIjoiZGphbmdvLmNvbnRyaWIuYXV0aC5iYWNrZW5kcy5Nb2RlbEJhY2tlbmQiLCJfYXV0aF91c2VyX2hhc2giOiJmYjdhNDFkN2Y2ZWFlYTdjM2VkYzljMGM2YTBkNTcwM2M3NTgyZjNmIn0=", "expire_date": "2020-07-30T14:16:03.430Z"}}, {"model": "sessions.session", "pk": "tzrz7r1nitxs0gdtd1ytoyjc3rhpfc0f", "fields": {"session_data": "YTYwOWYwNDVlOGNhOWZlZGM5YjVjNDNhM2U3NzNlN2RmMzI2MmZmOTp7Il9hdXRoX3VzZXJfaWQiOiIxIiwiX2F1dGhfdXNlcl9iYWNrZW5kIjoiZGphbmdvLmNvbnRyaWIuYXV0aC5iYWNrZW5kcy5Nb2RlbEJhY2tlbmQiLCJfYXV0aF91c2VyX2hhc2giOiJmYjdhNDFkN2Y2ZWFlYTdjM2VkYzljMGM2YTBkNTcwM2M3NTgyZjNmIn0=", "expire_date": "2020-08-07T14:09:00.638Z"}}, {"model": "sessions.session", "pk": "vxuy0pd1wh0ev02la2r2tloq1auda8h7", "fields": {"session_data": "YTYwOWYwNDVlOGNhOWZlZGM5YjVjNDNhM2U3NzNlN2RmMzI2MmZmOTp7Il9hdXRoX3VzZXJfaWQiOiIxIiwiX2F1dGhfdXNlcl9iYWNrZW5kIjoiZGphbmdvLmNvbnRyaWIuYXV0aC5iYWNrZW5kcy5Nb2RlbEJhY2tlbmQiLCJfYXV0aF91c2VyX2hhc2giOiJmYjdhNDFkN2Y2ZWFlYTdjM2VkYzljMGM2YTBkNTcwM2M3NTgyZjNmIn0=", "expire_date": "2020-07-31T04:39:04.087Z"}}, {"model": "sessions.session", "pk": "w3tcvtrxn7nu0pgi52ud4drh8ok90r71", "fields": {"session_data": "YTYwOWYwNDVlOGNhOWZlZGM5YjVjNDNhM2U3NzNlN2RmMzI2MmZmOTp7Il9hdXRoX3VzZXJfaWQiOiIxIiwiX2F1dGhfdXNlcl9iYWNrZW5kIjoiZGphbmdvLmNvbnRyaWIuYXV0aC5iYWNrZW5kcy5Nb2RlbEJhY2tlbmQiLCJfYXV0aF91c2VyX2hhc2giOiJmYjdhNDFkN2Y2ZWFlYTdjM2VkYzljMGM2YTBkNTcwM2M3NTgyZjNmIn0=", "expire_date": "2020-08-02T16:39:35.674Z"}}, {"model": "sessions.session", "pk": "w79ujje0jxa3y7glcax7a6uxl39lafyf", "fields": {"session_data": "YTYwOWYwNDVlOGNhOWZlZGM5YjVjNDNhM2U3NzNlN2RmMzI2MmZmOTp7Il9hdXRoX3VzZXJfaWQiOiIxIiwiX2F1dGhfdXNlcl9iYWNrZW5kIjoiZGphbmdvLmNvbnRyaWIuYXV0aC5iYWNrZW5kcy5Nb2RlbEJhY2tlbmQiLCJfYXV0aF91c2VyX2hhc2giOiJmYjdhNDFkN2Y2ZWFlYTdjM2VkYzljMGM2YTBkNTcwM2M3NTgyZjNmIn0=", "expire_date": "2020-07-31T16:08:16.780Z"}}, {"model": "sessions.session", "pk": "wg4te1kydkwum74egpanaom3zt9jafna", "fields": {"session_data": "YTYwOWYwNDVlOGNhOWZlZGM5YjVjNDNhM2U3NzNlN2RmMzI2MmZmOTp7Il9hdXRoX3VzZXJfaWQiOiIxIiwiX2F1dGhfdXNlcl9iYWNrZW5kIjoiZGphbmdvLmNvbnRyaWIuYXV0aC5iYWNrZW5kcy5Nb2RlbEJhY2tlbmQiLCJfYXV0aF91c2VyX2hhc2giOiJmYjdhNDFkN2Y2ZWFlYTdjM2VkYzljMGM2YTBkNTcwM2M3NTgyZjNmIn0=", "expire_date": "2020-08-05T07:14:22.396Z"}}, {"model": "sessions.session", "pk": "wohwv9crre1ecgyrjd04w85545nif2rf", "fields": {"session_data": "YTYwOWYwNDVlOGNhOWZlZGM5YjVjNDNhM2U3NzNlN2RmMzI2MmZmOTp7Il9hdXRoX3VzZXJfaWQiOiIxIiwiX2F1dGhfdXNlcl9iYWNrZW5kIjoiZGphbmdvLmNvbnRyaWIuYXV0aC5iYWNrZW5kcy5Nb2RlbEJhY2tlbmQiLCJfYXV0aF91c2VyX2hhc2giOiJmYjdhNDFkN2Y2ZWFlYTdjM2VkYzljMGM2YTBkNTcwM2M3NTgyZjNmIn0=", "expire_date": "2020-07-31T16:07:31.475Z"}}, {"model": "sessions.session", "pk": "z04e2b81g7lz4cwsznzmte9v2xkbsm8a", "fields": {"session_data": "YTYwOWYwNDVlOGNhOWZlZGM5YjVjNDNhM2U3NzNlN2RmMzI2MmZmOTp7Il9hdXRoX3VzZXJfaWQiOiIxIiwiX2F1dGhfdXNlcl9iYWNrZW5kIjoiZGphbmdvLmNvbnRyaWIuYXV0aC5iYWNrZW5kcy5Nb2RlbEJhY2tlbmQiLCJfYXV0aF91c2VyX2hhc2giOiJmYjdhNDFkN2Y2ZWFlYTdjM2VkYzljMGM2YTBkNTcwM2M3NTgyZjNmIn0=", "expire_date": "2020-07-30T04:12:49.656Z"}}, {"model": "sites.site", "pk": 1, "fields": {"domain": "example.com", "name": "example.com"}}, {"model": "core.item", "pk": 1, "fields": {"title": "item1", "slug": "item-1", "price": 431.0, "discount_price": 221.0, "add_time": "2020-07-15T16:28:32.353Z", "image": "color1_pMWdQxD.png", "category": "S", "label": "P", "description": "Instead of focusing on content creation and hard work, we have learned how to master the art of doing nothing by providing massive amounts of whitespace and generic content that can seem massive, monolithic and worth your attention."}}, {"model": "core.item", "pk": 2, "fields": {"title": "item2", "slug": "item-2", "price": 233.0, "discount_price": null, "add_time": "2020-07-15T16:29:04.388Z", "image": "color2_QiOifnm.png", "category": "SW", "label": "S", "description": "Yes I know you probably disregarded the earlier boasts as non-sequitur filler content, but it's really true. It took years of gene splicing and combinatory DNA research, but our bananas can really dance."}}, {"model": "core.item", "pk": 3, "fields": {"title": "item3", "slug": "item-3", "price": 443.0, "discount_price": 222.0, "add_time": "2020-07-15T16:29:43.814Z", "image": "color3_Eg9dqlu.png", "category": "OW", "label": "D", "description": "We can give your company superpowers to do things that they never thought possible. Let us delight your customers and empower your needs... through pure data analytics."}}, {"model": "core.variation", "pk": 1, "fields": {"item": 1, "name": "color"}}, {"model": "core.variation", "pk": 2, "fields": {"item": 1, "name": "size"}}, {"model": "core.itemvariation", "pk": 1, "fields": {"variation": 1, "value": "red", "attachment": "red.jpg"}}, {"model": "core.itemvariation", "pk": 2, "fields": {"variation": 1, "value": "blue", "attachment": "blue.jpg"}}, {"model": "core.itemvariation", "pk": 3, "fields": {"variation": 1, "value": "white", "attachment": "white.jpg"}}, {"model": "core.itemvariation", "pk": 4, "fields": {"variation": 1, "value": "black", "attachment": "black.png"}}, {"model": "core.itemvariation", "pk": 5, "fields": {"variation": 2, "value": "S", "attachment": ""}}, {"model": "core.itemvariation", "pk": 6, "fields": {"variation": 2, "value": "M", "attachment": ""}}, {"model": "core.itemvariation", "pk": 7, "fields": {"variation": 2, "value": "L", "attachment": ""}}, {"model": "core.itemvariation", "pk": 8, "fields": {"variation": 2, "value": "XL", "attachment": ""}}, {"model": "orders.coupon", "pk": 1, "fields": {"code": "kkkk", "value": 33, "count": 3, "days_active": 365, "time_add": "2020-07-15T16:27:48.493Z", "time_expried": "2020-07-23"}}, {"model": "auth.permission", "pk": 1, "fields": {"name": "Can add log entry", "content_type": 1, "codename": "add_logentry"}}, {"model": "auth.permission", "pk": 2, "fields": {"name": "Can change log entry", "content_type": 1, "codename": "change_logentry"}}, {"model": "auth.permission", "pk": 3, "fields": {"name": "Can delete log entry", "content_type": 1, "codename": "delete_logentry"}}, {"model": "auth.permission", "pk": 4, "fields": {"name": "Can view log entry", "content_type": 1, "codename": "view_logentry"}}, {"model": "auth.permission", "pk": 5, "fields": {"name": "Can add permission", "content_type": 2, "codename": "add_permission"}}, {"model": "auth.permission", "pk": 6, "fields": {"name": "Can change permission", "content_type": 2, "codename": "change_permission"}}, {"model": "auth.permission", "pk": 7, "fields": {"name": "Can delete permission", "content_type": 2, "codename": "delete_permission"}}, {"model": "auth.permission", "pk": 8, "fields": {"name": "Can view permission", "content_type": 2, "codename": "view_permission"}}, {"model": "auth.permission", "pk": 9, "fields": {"name": "Can add group", "content_type": 3, "codename": "add_group"}}, {"model": "auth.permission", "pk": 10, "fields": {"name": "Can change group", "content_type": 3, "codename": "change_group"}}, {"model": "auth.permission", "pk": 11, "fields": {"name": "Can delete group", "content_type": 3, "codename": "delete_group"}}, {"model": "auth.permission", "pk": 12, "fields": {"name": "Can view group", "content_type": 3, "codename": "view_group"}}, {"model": "auth.permission", "pk": 13, "fields": {"name": "Can add user", "content_type": 4, "codename": "add_user"}}, {"model": "auth.permission", "pk": 14, "fields": {"name": "Can change user", "content_type": 4, "codename": "change_user"}}, {"model": "auth.permission", "pk": 15, "fields": {"name": "Can delete user", "content_type": 4, "codename": "delete_user"}}, {"model": "auth.permission", "pk": 16, "fields": {"name": "Can view user", "content_type": 4, "codename": "view_user"}}, {"model": "auth.permission", "pk": 17, "fields": {"name": "Can add content type", "content_type": 5, "codename": "add_contenttype"}}, {"model": "auth.permission", "pk": 18, "fields": {"name": "Can change content type", "content_type": 5, "codename": "change_contenttype"}}, {"model": "auth.permission", "pk": 19, "fields": {"name": "Can delete content type", "content_type": 5, "codename": "delete_contenttype"}}, {"model": "auth.permission", "pk": 20, "fields": {"name": "Can view content type", "content_type": 5, "codename": "view_contenttype"}}, {"model": "auth.permission", "pk": 21, "fields": {"name": "Can add session", "content_type": 6, "codename": "add_session"}}, {"model": "auth.permission", "pk": 22, "fields": {"name": "Can change session", "content_type": 6, "codename": "change_session"}}, {"model": "auth.permission", "pk": 23, "fields": {"name": "Can delete session", "content_type": 6, "codename": "delete_session"}}, {"model": "auth.permission", "pk": 24, "fields": {"name": "Can view session", "content_type": 6, "codename": "view_session"}}, {"model": "auth.permission", "pk": 25, "fields": {"name": "Can add site", "content_type": 7, "codename": "add_site"}}, {"model": "auth.permission", "pk": 26, "fields": {"name": "Can change site", "content_type": 7, "codename": "change_site"}}, {"model": "auth.permission", "pk": 27, "fields": {"name": "Can delete site", "content_type": 7, "codename": "delete_site"}}, {"model": "auth.permission", "pk": 28, "fields": {"name": "Can view site", "content_type": 7, "codename": "view_site"}}, {"model": "auth.permission", "pk": 29, "fields": {"name": "Can add email address", "content_type": 8, "codename": "add_emailaddress"}}, {"model": "auth.permission", "pk": 30, "fields": {"name": "Can change email address", "content_type": 8, "codename": "change_emailaddress"}}, {"model": "auth.permission", "pk": 31, "fields": {"name": "Can delete email address", "content_type": 8, "codename": "delete_emailaddress"}}, {"model": "auth.permission", "pk": 32, "fields": {"name": "Can view email address", "content_type": 8, "codename": "view_emailaddress"}}, {"model": "auth.permission", "pk": 33, "fields": {"name": "Can add email confirmation", "content_type": 9, "codename": "add_emailconfirmation"}}, {"model": "auth.permission", "pk": 34, "fields": {"name": "Can change email confirmation", "content_type": 9, "codename": "change_emailconfirmation"}}, {"model": "auth.permission", "pk": 35, "fields": {"name": "Can delete email confirmation", "content_type": 9, "codename": "delete_emailconfirmation"}}, {"model": "auth.permission", "pk": 36, "fields": {"name": "Can view email confirmation", "content_type": 9, "codename": "view_emailconfirmation"}}, {"model": "auth.permission", "pk": 37, "fields": {"name": "Can add social account", "content_type": 10, "codename": "add_socialaccount"}}, {"model": "auth.permission", "pk": 38, "fields": {"name": "Can change social account", "content_type": 10, "codename": "change_socialaccount"}}, {"model": "auth.permission", "pk": 39, "fields": {"name": "Can delete social account", "content_type": 10, "codename": "delete_socialaccount"}}, {"model": "auth.permission", "pk": 40, "fields": {"name": "Can view social account", "content_type": 10, "codename": "view_socialaccount"}}, {"model": "auth.permission", "pk": 41, "fields": {"name": "Can add social application", "content_type": 11, "codename": "add_socialapp"}}, {"model": "auth.permission", "pk": 42, "fields": {"name": "Can change social application", "content_type": 11, "codename": "change_socialapp"}}, {"model": "auth.permission", "pk": 43, "fields": {"name": "Can delete social application", "content_type": 11, "codename": "delete_socialapp"}}, {"model": "auth.permission", "pk": 44, "fields": {"name": "Can view social application", "content_type": 11, "codename": "view_socialapp"}}, {"model": "auth.permission", "pk": 45, "fields": {"name": "Can add social application token", "content_type": 12, "codename": "add_socialtoken"}}, {"model": "auth.permission", "pk": 46, "fields": {"name": "Can change social application token", "content_type": 12, "codename": "change_socialtoken"}}, {"model": "auth.permission", "pk": 47, "fields": {"name": "Can delete social application token", "content_type": 12, "codename": "delete_socialtoken"}}, {"model": "auth.permission", "pk": 48, "fields": {"name": "Can view social application token", "content_type": 12, "codename": "view_socialtoken"}}, {"model": "auth.permission", "pk": 49, "fields": {"name": "Can add Token", "content_type": 13, "codename": "add_token"}}, {"model": "auth.permission", "pk": 50, "fields": {"name": "Can change Token", "content_type": 13, "codename": "change_token"}}, {"model": "auth.permission", "pk": 51, "fields": {"name": "Can delete Token", "content_type": 13, "codename": "delete_token"}}, {"model": "auth.permission", "pk": 52, "fields": {"name": "Can view Token", "content_type": 13, "codename": "view_token"}}, {"model": "auth.permission", "pk": 53, "fields": {"name": "Can add item", "content_type": 14, "codename": "add_item"}}, {"model": "auth.permission", "pk": 54, "fields": {"name": "Can change item", "content_type": 14, "codename": "change_item"}}, {"model": "auth.permission", "pk": 55, "fields": {"name": "Can delete item", "content_type": 14, "codename": "delete_item"}}, {"model": "auth.permission", "pk": 56, "fields": {"name": "Can view item", "content_type": 14, "codename": "view_item"}}, {"model": "auth.permission", "pk": 57, "fields": {"name": "Can add variation", "content_type": 15, "codename": "add_variation"}}, {"model": "auth.permission", "pk": 58, "fields": {"name": "Can change variation", "content_type": 15, "codename": "change_variation"}}, {"model": "auth.permission", "pk": 59, "fields": {"name": "Can delete variation", "content_type": 15, "codename": "delete_variation"}}, {"model": "auth.permission", "pk": 60, "fields": {"name": "Can view variation", "content_type": 15, "codename": "view_variation"}}, {"model": "auth.permission", "pk": 61, "fields": {"name": "Can add user profile", "content_type": 16, "codename": "add_userprofile"}}, {"model": "auth.permission", "pk": 62, "fields": {"name": "Can change user profile", "content_type": 16, "codename": "change_userprofile"}}, {"model": "auth.permission", "pk": 63, "fields": {"name": "Can delete user profile", "content_type": 16, "codename": "delete_userprofile"}}, {"model": "auth.permission", "pk": 64, "fields": {"name": "Can view user profile", "content_type": 16, "codename": "view_userprofile"}}, {"model": "auth.permission", "pk": 65, "fields": {"name": "Can add order item", "content_type": 17, "codename": "add_orderitem"}}, {"model": "auth.permission", "pk": 66, "fields": {"name": "Can change order item", "content_type": 17, "codename": "change_orderitem"}}, {"model": "auth.permission", "pk": 67, "fields": {"name": "Can delete order item", "content_type": 17, "codename": "delete_orderitem"}}, {"model": "auth.permission", "pk": 68, "fields": {"name": "Can view order item", "content_type": 17, "codename": "view_orderitem"}}, {"model": "auth.permission", "pk": 69, "fields": {"name": "Can add order", "content_type": 18, "codename": "add_order"}}, {"model": "auth.permission", "pk": 70, "fields": {"name": "Can change order", "content_type": 18, "codename": "change_order"}}, {"model": "auth.permission", "pk": 71, "fields": {"name": "Can delete order", "content_type": 18, "codename": "delete_order"}}, {"model": "auth.permission", "pk": 72, "fields": {"name": "Can view order", "content_type": 18, "codename": "view_order"}}, {"model": "auth.permission", "pk": 73, "fields": {"name": "Can add item variation", "content_type": 19, "codename": "add_itemvariation"}}, {"model": "auth.permission", "pk": 74, "fields": {"name": "Can change item variation", "content_type": 19, "codename": "change_itemvariation"}}, {"model": "auth.permission", "pk": 75, "fields": {"name": "Can delete item variation", "content_type": 19, "codename": "delete_itemvariation"}}, {"model": "auth.permission", "pk": 76, "fields": {"name": "Can view item variation", "content_type": 19, "codename": "view_itemvariation"}}, {"model": "auth.permission", "pk": 77, "fields": {"name": "Can add coupon", "content_type": 20, "codename": "add_coupon"}}, {"model": "auth.permission", "pk": 78, "fields": {"name": "Can change coupon", "content_type": 20, "codename": "change_coupon"}}, {"model": "auth.permission", "pk": 79, "fields": {"name": "Can delete coupon", "content_type": 20, "codename": "delete_coupon"}}, {"model": "auth.permission", "pk": 80, "fields": {"name": "Can view coupon", "content_type": 20, "codename": "view_coupon"}}, {"model": "auth.permission", "pk": 81, "fields": {"name": "Can add refund", "content_type": 21, "codename": "add_refund"}}, {"model": "auth.permission", "pk": 82, "fields": {"name": "Can change refund", "content_type": 21, "codename": "change_refund"}}, {"model": "auth.permission", "pk": 83, "fields": {"name": "Can delete refund", "content_type": 21, "codename": "delete_refund"}}, {"model": "auth.permission", "pk": 84, "fields": {"name": "Can view refund", "content_type": 21, "codename": "view_refund"}}, {"model": "auth.permission", "pk": 85, "fields": {"name": "Can add payment", "content_type": 22, "codename": "add_payment"}}, {"model": "auth.permission", "pk": 86, "fields": {"name": "Can change payment", "content_type": 22, "codename": "change_payment"}}, {"model": "auth.permission", "pk": 87, "fields": {"name": "Can delete payment", "content_type": 22, "codename": "delete_payment"}}, {"model": "auth.permission", "pk": 88, "fields": {"name": "Can view payment", "content_type": 22, "codename": "view_payment"}}, {"model": "auth.permission", "pk": 89, "fields": {"name": "Can add address", "content_type": 23, "codename": "add_address"}}, {"model": "auth.permission", "pk": 90, "fields": {"name": "Can change address", "content_type": 23, "codename": "change_address"}}, {"model": "auth.permission", "pk": 91, "fields": {"name": "Can delete address", "content_type": 23, "codename": "delete_address"}}, {"model": "auth.permission", "pk": 92, "fields": {"name": "Can view address", "content_type": 23, "codename": "view_address"}}, {"model": "auth.user", "pk": 1, "fields": {"password": "pbkdf2_sha256$150000$sqwtZNgPDQrT$2Z46FtVZ53v12Ux4FvPJSbIdj7PMGqGtY+sX1gjfpRI=", "last_login": "2020-07-24T15:21:23.885Z", "is_superuser": true, "username": "k", "first_name": "", "last_name": "", "email": "k@gmail.com", "is_staff": true, "is_active": true, "date_joined": "2020-07-15T15:31:14.015Z", "groups": [], "user_permissions": []}}, {"model": "auth.user", "pk": 2, "fields": {"password": "pbkdf2_sha256$150000$Qy5AykVKSfDZ$GkDWTMs2Llh9pXmH7OfP6xZIDtz6i0kveC7ZLOVA94Y=", "last_login": "2020-07-19T17:25:09.591Z", "is_superuser": false, "username": "e", "first_name": "", "last_name": "", "email": "", "is_staff": false, "is_active": true, "date_joined": "2020-07-19T17:20:30.258Z", "groups": [], "user_permissions": []}}, {"model": "authtoken.token", "pk": "80af7b19449b8926c0b8d73a91db5704f0c3086b", "fields": {"user": 2, "created": "2020-07-19T17:21:00.285Z"}}, {"model": "authtoken.token", "pk": "92a7bb6d169be2aac25c03c6827ec8e387fd038c", "fields": {"user": 1, "created": "2020-07-15T17:03:37.711Z"}}, {"model": "core.orderitem", "pk": 6, "fields": {"user": 1, "item": 1, "quantity": 1, "ordered": true, "time_add": "2020-07-16T14:37:55.473Z", "pre_delete": false, "active": true, "item_variations": [1, 5]}}, {"model": "core.orderitem", "pk": 7, "fields": {"user": 1, "item": 1, "quantity": 1, "ordered": true, "time_add": "2020-07-16T14:38:00.396Z", "pre_delete": false, "active": true, "item_variations": [2, 7]}}, {"model": "core.orderitem", "pk": 8, "fields": {"user": 1, "item": 1, "quantity": 2, "ordered": true, "time_add": "2020-07-16T14:38:07.357Z", "pre_delete": false, "active": true, "item_variations": [1, 6]}}, {"model": "core.orderitem", "pk": 9, "fields": {"user": 1, "item": 2, "quantity": 2, "ordered": true, "time_add": "2020-07-19T16:47:06.695Z", "pre_delete": false, "active": true, "item_variations": []}}, {"model": "core.orderitem", "pk": 10, "fields": {"user": 1, "item": 1, "quantity": 1, "ordered": true, "time_add": "2020-07-19T16:47:24.875Z", "pre_delete": false, "active": true, "item_variations": [3, 7]}}, {"model": "core.orderitem", "pk": 11, "fields": {"user": 1, "item": 1, "quantity": 1, "ordered": true, "time_add": "2020-07-19T16:47:33.187Z", "pre_delete": false, "active": true, "item_variations": [3, 8]}}, {"model": "core.orderitem", "pk": 12, "fields": {"user": 2, "item": 2, "quantity": 1, "ordered": true, "time_add": "2020-07-19T17:25:26.073Z", "pre_delete": false, "active": true, "item_variations": []}}, {"model": "core.orderitem", "pk": 13, "fields": {"user": 2, "item": 3, "quantity": 1, "ordered": true, "time_add": "2020-07-19T17:25:27.417Z", "pre_delete": false, "active": true, "item_variations": []}}, {"model": "core.orderitem", "pk": 14, "fields": {"user": 2, "item": 2, "quantity": 1, "ordered": true, "time_add": "2020-07-19T17:39:34.469Z", "pre_delete": false, "active": true, "item_variations": []}}, {"model": "core.orderitem", "pk": 15, "fields": {"user": 1, "item": 2, "quantity": 1, "ordered": true, "time_add": "2020-07-20T05:33:13.552Z", "pre_delete": false, "active": true, "item_variations": []}}, {"model": "core.orderitem", "pk": 16, "fields": {"user": 1, "item": 1, "quantity": 1, "ordered": true, "time_add": "2020-07-20T05:50:19.824Z", "pre_delete": false, "active": true, "item_variations": [4, 7]}}, {"model": "core.orderitem", "pk": 17, "fields": {"user": 1, "item": 1, "quantity": 1, "ordered": true, "time_add": "2020-07-20T05:51:49.394Z", "pre_delete": false, "active": true, "item_variations": [4, 6]}}, {"model": "core.orderitem", "pk": 18, "fields": {"user": 1, "item": 2, "quantity": 1, "ordered": true, "time_add": "2020-07-20T06:03:19.915Z", "pre_delete": false, "active": true, "item_variations": []}}, {"model": "core.orderitem", "pk": 19, "fields": {"user": 1, "item": 2, "quantity": 1, "ordered": true, "time_add": "2020-07-20T06:07:14.098Z", "pre_delete": false, "active": true, "item_variations": []}}, {"model": "core.orderitem", "pk": 20, "fields": {"user": 1, "item": 2, "quantity": 1, "ordered": true, "time_add": "2020-07-20T06:11:27.694Z", "pre_delete": false, "active": true, "item_variations": []}}, {"model": "core.orderitem", "pk": 21, "fields": {"user": 1, "item": 2, "quantity": 1, "ordered": true, "time_add": "2020-07-20T06:12:46.108Z", "pre_delete": false, "active": true, "item_variations": []}}, {"model": "core.orderitem", "pk": 22, "fields": {"user": 1, "item": 2, "quantity": 1, "ordered": true, "time_add": "2020-07-20T06:16:23.495Z", "pre_delete": false, "active": true, "item_variations": []}}, {"model": "core.orderitem", "pk": 23, "fields": {"user": 1, "item": 2, "quantity": 1, "ordered": true, "time_add": "2020-07-20T06:17:03.735Z", "pre_delete": false, "active": true, "item_variations": []}}, {"model": "core.orderitem", "pk": 24, "fields": {"user": 1, "item": 3, "quantity": 1, "ordered": true, "time_add": "2020-07-20T06:21:10.713Z", "pre_delete": false, "active": true, "item_variations": []}}, {"model": "core.orderitem", "pk": 25, "fields": {"user": 1, "item": 3, "quantity": 1, "ordered": true, "time_add": "2020-07-20T06:24:07.551Z", "pre_delete": false, "active": true, "item_variations": []}}, {"model": "core.orderitem", "pk": 26, "fields": {"user": 1, "item": 2, "quantity": 1, "ordered": true, "time_add": "2020-07-20T06:27:35.560Z", "pre_delete": false, "active": true, "item_variations": []}}, {"model": "core.orderitem", "pk": 27, "fields": {"user": 1, "item": 2, "quantity": 1, "ordered": true, "time_add": "2020-07-20T06:38:35.367Z", "pre_delete": false, "active": true, "item_variations": []}}, {"model": "core.orderitem", "pk": 32, "fields": {"user": 1, "item": 3, "quantity": 7, "ordered": true, "time_add": "2020-07-21T04:18:33.168Z", "pre_delete": false, "active": true, "item_variations": []}}, {"model": "core.orderitem", "pk": 36, "fields": {"user": 1, "item": 1, "quantity": 9, "ordered": true, "time_add": "2020-07-21T14:49:41.072Z", "pre_delete": false, "active": true, "item_variations": [1, 5]}}, {"model": "core.orderitem", "pk": 37, "fields": {"user": 1, "item": 2, "quantity": 5, "ordered": true, "time_add": "2020-07-22T07:30:53.550Z", "pre_delete": false, "active": true, "item_variations": []}}, {"model": "core.orderitem", "pk": 38, "fields": {"user": 1, "item": 2, "quantity": 3, "ordered": true, "time_add": "2020-07-22T07:32:25.138Z", "pre_delete": false, "active": true, "item_variations": []}}, {"model": "core.orderitem", "pk": 39, "fields": {"user": 1, "item": 2, "quantity": 1, "ordered": false, "time_add": "2020-07-24T14:09:08.011Z", "pre_delete": false, "active": true, "item_variations": []}}, {"model": "core.order", "pk": 1, "fields": {"user": 1, "ref_code": "te0j0m1z5cku1uq6m2ty", "ordered": true, "time_add": "2020-07-15T17:04:03.973Z", "being_delivered": false, "received": false, "refund_requested": false, "refund_granted": false, "shipping_address": null, "billing_address": null, "payment": null, "coupon": 1, "items": [6, 7, 8, 9, 10, 11]}}, {"model": "core.order", "pk": 2, "fields": {"user": 2, "ref_code": null, "ordered": true, "time_add": "2020-07-19T17:25:26.239Z", "being_delivered": false, "received": false, "refund_requested": false, "refund_granted": false, "shipping_address": null, "billing_address": null, "payment": null, "coupon": null, "items": [12, 13]}}, {"model": "core.order", "pk": 3, "fields": {"user": 2, "ref_code": "f5w4mqa95u6yydj7e4r3", "ordered": true, "time_add": "2020-07-19T17:39:34.609Z", "being_delivered": false, "received": false, "refund_requested": false, "refund_granted": false, "shipping_address": null, "billing_address": null, "payment": null, "coupon": null, "items": [14]}}, {"model": "core.order", "pk": 4, "fields": {"user": 1, "ref_code": "r1toosmbukpjfd18a32i", "ordered": true, "time_add": "2020-07-20T05:33:13.722Z", "being_delivered": false, "received": false, "refund_requested": false, "refund_granted": false, "shipping_address": null, "billing_address": null, "payment": null, "coupon": null, "items": [15]}}, {"model": "core.order", "pk": 5, "fields": {"user": 1, "ref_code": "7mxlzd1rvgs00c40mm0k", "ordered": true, "time_add": "2020-07-20T05:50:20.136Z", "being_delivered": false, "received": false, "refund_requested": false, "refund_granted": false, "shipping_address": null, "billing_address": null, "payment": null, "coupon": null, "items": [16, 17]}}, {"model": "core.order", "pk": 6, "fields": {"user": 1, "ref_code": "4zjaeloc29mhhfqa8hik", "ordered": true, "time_add": "2020-07-20T06:03:20.076Z", "being_delivered": false, "received": false, "refund_requested": false, "refund_granted": false, "shipping_address": null, "billing_address": null, "payment": null, "coupon": null, "items": [18]}}, {"model": "core.order", "pk": 7, "fields": {"user": 1, "ref_code": "yhb6dqmwmwmna0geyiie", "ordered": true, "time_add": "2020-07-20T06:07:14.276Z", "being_delivered": false, "received": false, "refund_requested": false, "refund_granted": false, "shipping_address": null, "billing_address": null, "payment": null, "coupon": null, "items": [19]}}, {"model": "core.order", "pk": 8, "fields": {"user": 1, "ref_code": "58jh8qjb2o6waefsi1wt", "ordered": true, "time_add": "2020-07-20T06:11:28.127Z", "being_delivered": false, "received": false, "refund_requested": false, "refund_granted": false, "shipping_address": null, "billing_address": null, "payment": null, "coupon": null, "items": [20]}}, {"model": "core.order", "pk": 9, "fields": {"user": 1, "ref_code": "3pkrzssawywqm7ayvu8g", "ordered": true, "time_add": "2020-07-20T06:12:46.282Z", "being_delivered": false, "received": false, "refund_requested": false, "refund_granted": false, "shipping_address": null, "billing_address": null, "payment": null, "coupon": null, "items": [21]}}, {"model": "core.order", "pk": 10, "fields": {"user": 1, "ref_code": "u71irxbl9meqain8k2yh", "ordered": true, "time_add": "2020-07-20T06:16:23.690Z", "being_delivered": false, "received": false, "refund_requested": false, "refund_granted": false, "shipping_address": null, "billing_address": null, "payment": null, "coupon": null, "items": [22]}}, {"model": "core.order", "pk": 11, "fields": {"user": 1, "ref_code": "0ne0qdax3maf5x7rma8j", "ordered": true, "time_add": "2020-07-20T06:17:04.141Z", "being_delivered": false, "received": false, "refund_requested": false, "refund_granted": false, "shipping_address": null, "billing_address": null, "payment": null, "coupon": null, "items": [23]}}, {"model": "core.order", "pk": 12, "fields": {"user": 1, "ref_code": "679hmtf17tvwsvruawcc", "ordered": true, "time_add": "2020-07-20T06:21:10.887Z", "being_delivered": false, "received": false, "refund_requested": false, "refund_granted": false, "shipping_address": null, "billing_address": null, "payment": 12, "coupon": null, "items": [24]}}, {"model": "core.order", "pk": 13, "fields": {"user": 1, "ref_code": "6cotjzujsgq3jfnzlun0", "ordered": true, "time_add": "2020-07-20T06:24:07.729Z", "being_delivered": false, "received": false, "refund_requested": false, "refund_granted": false, "shipping_address": null, "billing_address": null, "payment": 13, "coupon": null, "items": [25]}}, {"model": "core.order", "pk": 14, "fields": {"user": 1, "ref_code": "o3y2ves9qco4inmfrk25", "ordered": true, "time_add": "2020-07-20T06:27:35.716Z", "being_delivered": false, "received": false, "refund_requested": false, "refund_granted": false, "shipping_address": null, "billing_address": null, "payment": 14, "coupon": null, "items": [26]}}, {"model": "core.order", "pk": 15, "fields": {"user": 1, "ref_code": "2tcmwbt0bl6yguhoyqgq", "ordered": true, "time_add": "2020-07-20T06:38:35.701Z", "being_delivered": false, "received": false, "refund_requested": false, "refund_granted": false, "shipping_address": null, "billing_address": null, "payment": 15, "coupon": null, "items": [27]}}, {"model": "core.order", "pk": 16, "fields": {"user": 1, "ref_code": "c5gx6o9q0qz4z799ynam", "ordered": true, "time_add": "2020-07-20T06:39:00.231Z", "being_delivered": false, "received": false, "refund_requested": false, "refund_granted": false, "shipping_address": 22, "billing_address": 19, "payment": 16, "coupon": null, "items": [32, 36, 37]}}, {"model": "core.order", "pk": 17, "fields": {"user": 1, "ref_code": "8hnqwkeu1wi2n0vmyblf", "ordered": true, "time_add": "2020-07-22T07:32:25.335Z", "being_delivered": false, "received": false, "refund_requested": false, "refund_granted": false, "shipping_address": 22, "billing_address": 19, "payment": 17, "coupon": null, "items": [38]}}, {"model": "core.order", "pk": 18, "fields": {"user": 1, "ref_code": null, "ordered": false, "time_add": "2020-07-24T14:09:08.145Z", "being_delivered": false, "received": false, "refund_requested": false, "refund_granted": false, "shipping_address": null, "billing_address": null, "payment": null, "coupon": null, "items": [39]}}, {"model": "core.userprofile", "pk": 1, "fields": {"user": 1, "stripe_customer_id": "cus_Hg2Cq66lHdWFZI", "one_click_purcharsing": true, "source1": null}}, {"model": "core.userprofile", "pk": 2, "fields": {"user": 2, "stripe_customer_id": "cus_Hg2M4TqKOHDJSo", "one_click_purcharsing": true, "source1": null}}, {"model": "orders.address", "pk": 19, "fields": {"user": 1, "street_address": "fghfhfh22222222ssssaa", "apartment_address": "fhfhf", "country": "AD", "zip": "fghfhf", "address_type": "B", "time_add": "2020-07-20T14:54:57.629Z", "default": false, "active": true}}, {"model": "orders.address", "pk": 22, "fields": {"user": 1, "street_address": "922 NW 2nd St", "apartment_address": "sfsf", "country": "BB", "zip": "33128", "address_type": "S", "time_add": "2020-07-21T15:44:05.492Z", "default": false, "active": true}}, {"model": "orders.address", "pk": 23, "fields": {"user": 1, "street_address": "922 NW 2nd St", "apartment_address": "rgfgfgf", "country": "AD", "zip": "33128", "address_type": "S", "time_add": "2020-07-22T09:02:10.613Z", "default": false, "active": true}}, {"model": "orders.address", "pk": 24, "fields": {"user": 1, "street_address": "asfasfsaf", "apartment_address": "safsafsa", "country": "AZ", "zip": "34342", "address_type": "S", "time_add": "2020-07-22T09:03:07.704Z", "default": false, "active": true}}, {"model": "orders.address", "pk": 25, "fields": {"user": 1, "street_address": "retretre", "apartment_address": "retre", "country": "AS", "zip": "retretre", "address_type": "S", "time_add": "2020-07-22T09:03:41.896Z", "default": false, "active": true}}, {"model": "orders.address", "pk": 26, "fields": {"user": 1, "street_address": "1333 Fulton St", "apartment_address": "erewrwe", "country": "BZ", "zip": "94117", "address_type": "S", "time_add": "2020-07-22T09:04:12.409Z", "default": true, "active": true}}, {"model": "orders.address", "pk": 27, "fields": {"user": 1, "street_address": "sasasa", "apartment_address": "fsfs", "country": "AS", "zip": "sfsf", "address_type": "B", "time_add": "2020-07-22T09:04:31.396Z", "default": true, "active": true}}, {"model": "orders.payment", "pk": 12, "fields": {"user": 1, "stripe_charge_id": "ch_1H6sMaEIs0qYXInvtqydUJ0E", "amount": 222.0, "timestamp": "2020-07-20T06:21:29.084Z"}}, {"model": "orders.payment", "pk": 13, "fields": {"user": 1, "stripe_charge_id": "ch_1H6sPKEIs0qYXInvlfYT5UEg", "amount": 222.0, "timestamp": "2020-07-20T06:24:18.335Z"}}, {"model": "orders.payment", "pk": 14, "fields": {"user": 1, "stripe_charge_id": "ch_1H6saQEIs0qYXInv41KZgbzw", "amount": 233.0, "timestamp": "2020-07-20T06:35:46.143Z"}}, {"model": "orders.payment", "pk": 15, "fields": {"user": 1, "stripe_charge_id": "ch_1H6sdMEIs0qYXInvmdmyUspF", "amount": 233.0, "timestamp": "2020-07-20T06:38:48.593Z"}}, {"model": "orders.payment", "pk": 16, "fields": {"user": 1, "stripe_charge_id": "ch_1H7cPPEIs0qYXInvvx0U7Yhu", "amount": 4708.0, "timestamp": "2020-07-22T07:31:27.476Z"}}, {"model": "orders.payment", "pk": 17, "fields": {"user": 1, "stripe_charge_id": "ch_1H7cQiEIs0qYXInv32hozgpY", "amount": 699.0, "timestamp": "2020-07-22T07:32:48.107Z"}}, {"model": "admin.logentry", "pk": 1, "fields": {"action_time": "2020-07-15T16:27:48.494Z", "user": 1, "content_type": 20, "object_id": "1", "object_repr": "Coupon object (1)", "action_flag": 1, "change_message": "[{\"added\": {}}]"}}, {"model": "admin.logentry", "pk": 2, "fields": {"action_time": "2020-07-15T16:28:32.375Z", "user": 1, "content_type": 14, "object_id": "1", "object_repr": "item1", "action_flag": 1, "change_message": "[{\"added\": {}}]"}}, {"model": "admin.logentry", "pk": 3, "fields": {"action_time": "2020-07-15T16:29:04.391Z", "user": 1, "content_type": 14, "object_id": "2", "object_repr": "item2", "action_flag": 1, "change_message": "[{\"added\": {}}]"}}, {"model": "admin.logentry", "pk": 4, "fields": {"action_time": "2020-07-15T16:29:43.817Z", "user": 1, "content_type": 14, "object_id": "3", "object_repr": "item3", "action_flag": 1, "change_message": "[{\"added\": {}}]"}}, {"model": "admin.logentry", "pk": 5, "fields": {"action_time": "2020-07-15T16:39:52.235Z", "user": 1, "content_type": 15, "object_id": "1", "object_repr": "color", "action_flag": 1, "change_message": "[{\"added\": {}}, {\"added\": {\"name\": \"item variation\", \"object\": \"red\"}}, {\"added\": {\"name\": \"item variation\", \"object\": \"blue\"}}, {\"added\": {\"name\": \"item variation\", \"object\": \"white\"}}, {\"added\": {\"name\": \"item variation\", \"object\": \"black\"}}]"}}, {"model": "admin.logentry", "pk": 6, "fields": {"action_time": "2020-07-16T04:28:59.331Z", "user": 1, "content_type": 15, "object_id": "2", "object_repr": "size", "action_flag": 1, "change_message": "[{\"added\": {}}, {\"added\": {\"name\": \"item variation\", \"object\": \"S\"}}, {\"added\": {\"name\": \"item variation\", \"object\": \"M\"}}, {\"added\": {\"name\": \"item variation\", \"object\": \"L\"}}, {\"added\": {\"name\": \"item variation\", \"object\": \"XL\"}}]"}}, {"model": "admin.logentry", "pk": 7, "fields": {"action_time": "2020-07-16T14:36:19.894Z", "user": 1, "content_type": 17, "object_id": "5", "object_repr": "k item1 5", "action_flag": 3, "change_message": ""}}, {"model": "admin.logentry", "pk": 8, "fields": {"action_time": "2020-07-16T14:36:20.026Z", "user": 1, "content_type": 17, "object_id": "4", "object_repr": "k item1 4", "action_flag": 3, "change_message": ""}}, {"model": "admin.logentry", "pk": 9, "fields": {"action_time": "2020-07-16T14:36:20.174Z", "user": 1, "content_type": 17, "object_id": "3", "object_repr": "k item3 3", "action_flag": 3, "change_message": ""}}, {"model": "admin.logentry", "pk": 10, "fields": {"action_time": "2020-07-16T14:36:20.351Z", "user": 1, "content_type": 17, "object_id": "2", "object_repr": "k item2 2", "action_flag": 3, "change_message": ""}}, {"model": "admin.logentry", "pk": 11, "fields": {"action_time": "2020-07-16T14:36:20.553Z", "user": 1, "content_type": 17, "object_id": "1", "object_repr": "k item1 1", "action_flag": 3, "change_message": ""}}, {"model": "admin.logentry", "pk": 12, "fields": {"action_time": "2020-07-19T17:17:27.049Z", "user": 1, "content_type": 16, "object_id": "1", "object_repr": "k", "action_flag": 2, "change_message": "[{\"changed\": {\"fields\": [\"stripe_customer_id\"]}}]"}}, {"model": "admin.logentry", "pk": 13, "fields": {"action_time": "2020-07-19T17:20:30.382Z", "user": 1, "content_type": 4, "object_id": "2", "object_repr": "e", "action_flag": 1, "change_message": "[{\"added\": {}}]"}}, {"model": "admin.logentry", "pk": 14, "fields": {"action_time": "2020-07-20T15:09:08.535Z", "user": 1, "content_type": 23, "object_id": "18", "object_repr": "k 18", "action_flag": 3, "change_message": ""}}, {"model": "admin.logentry", "pk": 15, "fields": {"action_time": "2020-07-20T15:09:08.601Z", "user": 1, "content_type": 23, "object_id": "17", "object_repr": "k 17", "action_flag": 3, "change_message": ""}}, {"model": "admin.logentry", "pk": 16, "fields": {"action_time": "2020-07-20T15:09:08.672Z", "user": 1, "content_type": 23, "object_id": "16", "object_repr": "k 16", "action_flag": 3, "change_message": ""}}, {"model": "admin.logentry", "pk": 17, "fields": {"action_time": "2020-07-20T15:09:08.747Z", "user": 1, "content_type": 23, "object_id": "15", "object_repr": "k 15", "action_flag": 3, "change_message": ""}}, {"model": "admin.logentry", "pk": 18, "fields": {"action_time": "2020-07-20T15:09:08.828Z", "user": 1, "content_type": 23, "object_id": "14", "object_repr": "e 14", "action_flag": 3, "change_message": ""}}, {"model": "admin.logentry", "pk": 19, "fields": {"action_time": "2020-07-20T15:09:08.905Z", "user": 1, "content_type": 23, "object_id": "13", "object_repr": "e 13", "action_flag": 3, "change_message": ""}}, {"model": "admin.logentry", "pk": 20, "fields": {"action_time": "2020-07-20T15:09:08.969Z", "user": 1, "content_type": 23, "object_id": "12", "object_repr": "k 12", "action_flag": 3, "change_message": ""}}, {"model": "admin.logentry", "pk": 21, "fields": {"action_time": "2020-07-20T15:09:09.068Z", "user": 1, "content_type": 23, "object_id": "11", "object_repr": "k 11", "action_flag": 3, "change_message": ""}}, {"model": "admin.logentry", "pk": 22, "fields": {"action_time": "2020-07-20T15:09:09.138Z", "user": 1, "content_type": 23, "object_id": "10", "object_repr": "k 10", "action_flag": 3, "change_message": ""}}, {"model": "admin.logentry", "pk": 23, "fields": {"action_time": "2020-07-20T15:09:09.212Z", "user": 1, "content_type": 23, "object_id": "9", "object_repr": "k 9", "action_flag": 3, "change_message": ""}}, {"model": "admin.logentry", "pk": 24, "fields": {"action_time": "2020-07-20T15:09:09.282Z", "user": 1, "content_type": 23, "object_id": "8", "object_repr": "k 8", "action_flag": 3, "change_message": ""}}, {"model": "admin.logentry", "pk": 25, "fields": {"action_time": "2020-07-20T15:09:09.357Z", "user": 1, "content_type": 23, "object_id": "7", "object_repr": "k 7", "action_flag": 3, "change_message": ""}}, {"model": "admin.logentry", "pk": 26, "fields": {"action_time": "2020-07-20T15:09:09.423Z", "user": 1, "content_type": 23, "object_id": "6", "object_repr": "k 6", "action_flag": 3, "change_message": ""}}, {"model": "admin.logentry", "pk": 27, "fields": {"action_time": "2020-07-20T15:09:09.489Z", "user": 1, "content_type": 23, "object_id": "5", "object_repr": "k 5", "action_flag": 3, "change_message": ""}}, {"model": "admin.logentry", "pk": 28, "fields": {"action_time": "2020-07-20T15:09:09.556Z", "user": 1, "content_type": 23, "object_id": "4", "object_repr": "k 4", "action_flag": 3, "change_message": ""}}, {"model": "admin.logentry", "pk": 29, "fields": {"action_time": "2020-07-20T15:09:09.622Z", "user": 1, "content_type": 23, "object_id": "3", "object_repr": "k 3", "action_flag": 3, "change_message": ""}}, {"model": "admin.logentry", "pk": 30, "fields": {"action_time": "2020-07-20T15:09:09.699Z", "user": 1, "content_type": 23, "object_id": "2", "object_repr": "k 2", "action_flag": 3, "change_message": ""}}, {"model": "admin.logentry", "pk": 31, "fields": {"action_time": "2020-07-20T15:09:09.777Z", "user": 1, "content_type": 23, "object_id": "1", "object_repr": "k 1", "action_flag": 3, "change_message": ""}}, {"model": "admin.logentry", "pk": 32, "fields": {"action_time": "2020-07-22T07:27:58.553Z", "user": 1, "content_type": 22, "object_id": "11", "object_repr": "k", "action_flag": 3, "change_message": ""}}, {"model": "admin.logentry", "pk": 33, "fields": {"action_time": "2020-07-22T07:27:58.718Z", "user": 1, "content_type": 22, "object_id": "10", "object_repr": "k", "action_flag": 3, "change_message": ""}}, {"model": "admin.logentry", "pk": 34, "fields": {"action_time": "2020-07-22T07:27:58.803Z", "user": 1, "content_type": 22, "object_id": "9", "object_repr": "k", "action_flag": 3, "change_message": ""}}, {"model": "admin.logentry", "pk": 35, "fields": {"action_time": "2020-07-22T07:27:58.872Z", "user": 1, "content_type": 22, "object_id": "8", "object_repr": "k", "action_flag": 3, "change_message": ""}}, {"model": "admin.logentry", "pk": 36, "fields": {"action_time": "2020-07-22T07:27:58.947Z", "user": 1, "content_type": 22, "object_id": "7", "object_repr": "k", "action_flag": 3, "change_message": ""}}, {"model": "admin.logentry", "pk": 37, "fields": {"action_time": "2020-07-22T07:27:59.027Z", "user": 1, "content_type": 22, "object_id": "6", "object_repr": "k", "action_flag": 3, "change_message": ""}}, {"model": "admin.logentry", "pk": 38, "fields": {"action_time": "2020-07-22T07:27:59.102Z", "user": 1, "content_type": 22, "object_id": "5", "object_repr": "k", "action_flag": 3, "change_message": ""}}, {"model": "admin.logentry", "pk": 39, "fields": {"action_time": "2020-07-22T07:27:59.182Z", "user": 1, "content_type": 22, "object_id": "4", "object_repr": "k", "action_flag": 3, "change_message": ""}}, {"model": "admin.logentry", "pk": 40, "fields": {"action_time": "2020-07-22T07:27:59.257Z", "user": 1, "content_type": 22, "object_id": "3", "object_repr": "k", "action_flag": 3, "change_message": ""}}, {"model": "admin.logentry", "pk": 41, "fields": {"action_time": "2020-07-22T07:27:59.326Z", "user": 1, "content_type": 22, "object_id": "2", "object_repr": "e", "action_flag": 3, "change_message": ""}}, {"model": "admin.logentry", "pk": 42, "fields": {"action_time": "2020-07-22T07:27:59.390Z", "user": 1, "content_type": 22, "object_id": "1", "object_repr": "e", "action_flag": 3, "change_message": ""}}, {"model": "admin.logentry", "pk": 43, "fields": {"action_time": "2020-07-22T09:02:10.615Z", "user": 1, "content_type": 23, "object_id": "23", "object_repr": "k 23", "action_flag": 1, "change_message": "[{\"added\": {}}]"}}]
